gene_ref	gene_id	gene_name	condition_1	condition_2	gene_switch_q_value	switchConsequencesGene	Rank
geneComp_00000107	gene-ACACA	NA	Fat_Jansen2019_Hib	Fat_Jansen2019_Act	6.281590389694972e-37	TRUE	1
geneComp_00000473	gene-ALDOA	NA	Fat_Jansen2019_Hib	Fat_Jansen2019_Act	5.8779615260478256e-30	TRUE	2
geneComp_00005670	gene-HIBCH	NA	Fat_Jansen2019_Hib	Fat_Jansen2019_Act	1.2759586112567032e-14	TRUE	3
geneComp_00005366	gene-GPS1	NA	Fat_Jansen2019_Hib	Fat_Jansen2019_Act	1.892213355080934e-13	TRUE	4
geneComp_00001413	gene-BRD7	NA	Fat_Jansen2019_Hib	Fat_Jansen2019_Act	4.853298683177908e-13	TRUE	5
geneComp_00004486	gene-FAT1	NA	Fat_Jansen2019_Hib	Fat_Jansen2019_Act	5.037648215918885e-13	TRUE	6
geneComp_00001259	gene-BCKDHA	NA	Fat_Jansen2019_Hib	Fat_Jansen2019_Act	7.308755414803835e-13	TRUE	7
geneComp_00002002	gene-CD99	NA	Fat_Jansen2019_Hib	Fat_Jansen2019_Act	5.257812396328677e-12	TRUE	8
geneComp_00019836	gene-TNS1	NA	Fat_Jansen2019_Hib	Fat_Jansen2019_Act	1.6482328736589948e-11	TRUE	9
geneComp_00016196	gene-PRDX5	NA	Fat_Jansen2019_Hib	Fat_Jansen2019_Act	6.585616980228626e-11	TRUE	10
geneComp_00014077	gene-MRAS	NA	Fat_Jansen2019_Hib	Fat_Jansen2019_Act	3.4862793787708903e-10	TRUE	11
geneComp_00005507	gene-GUK1	NA	Fat_Jansen2019_Hib	Fat_Jansen2019_Act	6.881251672560803e-10	TRUE	12
geneComp_00000141	gene-ACLY	NA	Fat_Jansen2019_Hib	Fat_Jansen2019_Act	1.0279944571126854e-9	TRUE	13
geneComp_00041238	gene-TNS1	NA	Fat_Jansen2019_Hib	Fat_Jansen2019_Hyp	1.284910377505938e-9	TRUE	14
geneComp_00061056	gene-SLC6A4	NA	Fat_Jansen2019_Hyp	Fat_Jansen2019_Act	1.94092636865089e-9	TRUE	15
geneComp_00005416	gene-GRINA	NA	Fat_Jansen2019_Hib	Fat_Jansen2019_Act	2.4640669090317444e-9	TRUE	16
geneComp_00014285	gene-MUS81	NA	Fat_Jansen2019_Hib	Fat_Jansen2019_Act	3.1096691101261347e-9	TRUE	17
geneComp_00000167	gene-ACSL1	NA	Fat_Jansen2019_Hib	Fat_Jansen2019_Act	1.1447315230588086e-8	TRUE	18
geneComp_00042911	gene-ACACA	NA	Fat_Jansen2019_Hyp	Fat_Jansen2019_Act	2.164941215629822e-8	TRUE	19
geneComp_00021875	gene-ALDOA	NA	Fat_Jansen2019_Hib	Fat_Jansen2019_Hyp	2.318438728539115e-8	TRUE	20
geneComp_00014229	gene-MTFR1L	NA	Fat_Jansen2019_Hib	Fat_Jansen2019_Act	3.1426448864077914e-8	TRUE	21
geneComp_00015065	gene-OCIAD1	NA	Fat_Jansen2019_Hib	Fat_Jansen2019_Act	3.504200871164664e-8	TRUE	22
geneComp_00019814	gene-TNK2	NA	Fat_Jansen2019_Hib	Fat_Jansen2019_Act	4.069233408507585e-8	TRUE	23
geneComp_00004309	gene-FAH	NA	Fat_Jansen2019_Hib	Fat_Jansen2019_Act	4.18696954727316e-8	TRUE	24
geneComp_00093066	gene-LOC113244953	NA	Fat_PDExp_Fed	Fat_PDExp_NotFed	5.0026950987942284e-8	TRUE	25
geneComp_00104706	gene-TAOK2	NA	Fat_PDExp_Fed	Fat_PDExp_NotFed	2.0827377672003217e-7	TRUE	26
geneComp_00100079	gene-NBN	NA	Fat_PDExp_Fed	Fat_PDExp_NotFed	2.1218520465680318e-7	TRUE	27
geneComp_00018040	gene-SLC25A10	NA	Fat_Jansen2019_Hib	Fat_Jansen2019_Act	2.1271157252946731e-7	TRUE	28
geneComp_00001271	gene-BCL2L13	NA	Fat_Jansen2019_Hib	Fat_Jansen2019_Act	2.2546773401768306e-7	TRUE	29
geneComp_00013860	gene-MFN2	NA	Fat_Jansen2019_Hib	Fat_Jansen2019_Act	4.117514026909464e-7	TRUE	30
geneComp_00000256	gene-ADAR	NA	Fat_Jansen2019_Hib	Fat_Jansen2019_Act	5.11507399274987e-7	TRUE	31
geneComp_00005537	gene-HADHB	NA	Fat_Jansen2019_Hib	Fat_Jansen2019_Act	5.323965537015973e-7	TRUE	32
geneComp_00005538	gene-HAGH	NA	Fat_Jansen2019_Hib	Fat_Jansen2019_Act	5.707098331636545e-7	TRUE	33
geneComp_00002900	gene-CTNNB1	NA	Fat_Jansen2019_Hib	Fat_Jansen2019_Act	7.029438085397756e-7	TRUE	34
geneComp_00018200	gene-SLC44A1	NA	Fat_Jansen2019_Hib	Fat_Jansen2019_Act	7.68881776349965e-7	TRUE	35
geneComp_00004459	gene-FAN1	NA	Fat_Jansen2019_Hib	Fat_Jansen2019_Act	9.997500554394607e-7	TRUE	36
geneComp_00002647	gene-COL6A3	NA	Fat_Jansen2019_Hib	Fat_Jansen2019_Act	1.4623546788274543e-6	TRUE	37
geneComp_00114468	gene-LOC113244953	NA	Fat_PDExp_Hib	Fat_PDExp_NotFed	2.0847311590595407e-6	TRUE	38
geneComp_00028176	gene-L1CAM	NA	Fat_Jansen2019_Hib	Fat_Jansen2019_Hyp	2.274036877290528e-6	TRUE	39
geneComp_00004850	gene-FXR1	NA	Fat_Jansen2019_Hib	Fat_Jansen2019_Act	3.516829106442303e-6	TRUE	40
geneComp_00035479	gene-MRAS	NA	Fat_Jansen2019_Hib	Fat_Jansen2019_Hyp	3.999891388530465e-6	TRUE	41
geneComp_00004458	gene-FAM98C	NA	Fat_Jansen2019_Hib	Fat_Jansen2019_Act	4.363183919727873e-6	TRUE	42
geneComp_00015944	gene-PODN	NA	Fat_Jansen2019_Hib	Fat_Jansen2019_Act	7.243915308422881e-6	TRUE	43
geneComp_00006793	gene-LAMA4	NA	Fat_Jansen2019_Hib	Fat_Jansen2019_Act	7.5966049878385065e-6	TRUE	44
geneComp_00017428	gene-S100A13	NA	Fat_Jansen2019_Hib	Fat_Jansen2019_Act	1.9006466152719395e-5	TRUE	45
geneComp_00025888	gene-FAT1	NA	Fat_Jansen2019_Hib	Fat_Jansen2019_Hyp	2.506800732793317e-5	TRUE	46
geneComp_00028282	gene-LENG8	NA	Fat_Jansen2019_Hib	Fat_Jansen2019_Hyp	2.506800732793317e-5	TRUE	47
geneComp_00101158	gene-PFKL	NA	Fat_PDExp_Fed	Fat_PDExp_NotFed	3.726964762071304e-5	TRUE	48
geneComp_00034814	gene-LSM14A	NA	Fat_Jansen2019_Hib	Fat_Jansen2019_Hyp	4.1951512385380624e-5	TRUE	49
geneComp_00017702	gene-SERHL2	NA	Fat_Jansen2019_Hib	Fat_Jansen2019_Act	5.767566169574524e-5	TRUE	50
geneComp_00091060	gene-GSK3B	NA	Fat_PDExp_Fed	Fat_PDExp_NotFed	6.228916790750069e-5	TRUE	51
geneComp_00112754	gene-HNRNPC	NA	Fat_PDExp_Hib	Fat_PDExp_NotFed	6.42805972145152e-5	TRUE	52
geneComp_00004781	gene-FOXRED1	NA	Fat_Jansen2019_Hib	Fat_Jansen2019_Act	7.226103057905829e-5	TRUE	53
geneComp_00061593	gene-ST7	NA	Fat_Jansen2019_Hyp	Fat_Jansen2019_Act	9.061139128273145e-5	TRUE	54
geneComp_00121915	gene-NRP1	NA	Fat_PDExp_Hib	Fat_PDExp_NotFed	9.090931859350053e-5	TRUE	55
geneComp_00021096	gene-ZNF18	NA	Fat_Jansen2019_Hib	Fat_Jansen2019_Act	1.1131295616895733e-4	TRUE	56
geneComp_00086655	gene-ATP13A3	NA	Fat_PDExp_Fed	Fat_PDExp_NotFed	1.433606775227296e-4	TRUE	57
geneComp_00039602	gene-SLC44A1	NA	Fat_Jansen2019_Hib	Fat_Jansen2019_Hyp	1.484829436187189e-4	TRUE	58
geneComp_00022059	gene-ANXA2	NA	Fat_Jansen2019_Hib	Fat_Jansen2019_Hyp	1.5550079064531236e-4	TRUE	59
geneComp_00024017	gene-COL12A1	NA	Fat_Jansen2019_Hib	Fat_Jansen2019_Hyp	1.5550079064531236e-4	TRUE	60
geneComp_00002784	gene-CREBZF	NA	Fat_Jansen2019_Hib	Fat_Jansen2019_Act	1.816870299988207e-4	TRUE	61
geneComp_00001132	gene-ATXN3	NA	Fat_Jansen2019_Hib	Fat_Jansen2019_Act	1.8567177987333894e-4	TRUE	62
geneComp_00023404	gene-CD99	NA	Fat_Jansen2019_Hib	Fat_Jansen2019_Hyp	2.0760674367996444e-4	TRUE	63
geneComp_00040847	gene-TINAGL1	NA	Fat_Jansen2019_Hib	Fat_Jansen2019_Hyp	2.0760674367996444e-4	TRUE	64
geneComp_00003560	gene-DNAJC13	NA	Fat_Jansen2019_Hib	Fat_Jansen2019_Act	2.2115051511010863e-4	TRUE	65
geneComp_00021133	gene-ZNF280D	NA	Fat_Jansen2019_Hib	Fat_Jansen2019_Act	2.2730961155566638e-4	TRUE	66
geneComp_00014403	gene-NAA35	NA	Fat_Jansen2019_Hib	Fat_Jansen2019_Act	2.45456646394506e-4	TRUE	67
geneComp_00006774	gene-L1CAM	NA	Fat_Jansen2019_Hib	Fat_Jansen2019_Act	2.610175333739365e-4	TRUE	68
geneComp_00002869	gene-CSRP2	NA	Fat_Jansen2019_Hib	Fat_Jansen2019_Act	2.632716934144647e-4	TRUE	69
geneComp_00016147	gene-PPP2R5C	NA	Fat_Jansen2019_Hib	Fat_Jansen2019_Act	2.6417695224312677e-4	TRUE	70
geneComp_00017514	gene-SCAF8	NA	Fat_Jansen2019_Hib	Fat_Jansen2019_Act	3.0130870655296877e-4	TRUE	71
geneComp_00003471	gene-DLC1	NA	Fat_Jansen2019_Hib	Fat_Jansen2019_Act	3.2781221960578947e-4	TRUE	72
geneComp_00013240	gene-LOC125283735	NA	Fat_Jansen2019_Hib	Fat_Jansen2019_Act	3.402839273191443e-4	TRUE	73
geneComp_00003194	gene-DAAM1	NA	Fat_Jansen2019_Hib	Fat_Jansen2019_Act	3.431484465238145e-4	TRUE	74
geneComp_00017365	gene-RTCA	NA	Fat_Jansen2019_Hib	Fat_Jansen2019_Act	3.4327177767704074e-4	TRUE	75
geneComp_00013856	gene-MFF	NA	Fat_Jansen2019_Hib	Fat_Jansen2019_Act	3.645934184349508e-4	TRUE	76
geneComp_00005705	gene-HM13	NA	Fat_Jansen2019_Hib	Fat_Jansen2019_Act	3.8027397892584667e-4	TRUE	77
geneComp_00034792	gene-LRRFIP2	NA	Fat_Jansen2019_Hib	Fat_Jansen2019_Hyp	4.00432694160964e-4	TRUE	78
geneComp_00001586	gene-CALD1	NA	Fat_Jansen2019_Hib	Fat_Jansen2019_Act	4.7055049556715635e-4	TRUE	79
geneComp_00087625	gene-CDC27	NA	Fat_PDExp_Fed	Fat_PDExp_NotFed	4.7086312076192755e-4	TRUE	80
geneComp_00004680	gene-FKBP15	NA	Fat_Jansen2019_Hib	Fat_Jansen2019_Act	4.940468191012565e-4	TRUE	81
geneComp_00002738	gene-CPNE8	NA	Fat_Jansen2019_Hib	Fat_Jansen2019_Act	5.070419457933526e-4	TRUE	82
geneComp_00022661	gene-BCKDHA	NA	Fat_Jansen2019_Hib	Fat_Jansen2019_Hyp	5.262750984622943e-4	TRUE	83
geneComp_00040083	gene-SPTBN1	NA	Fat_Jansen2019_Hib	Fat_Jansen2019_Hyp	5.320828963043993e-4	TRUE	84
geneComp_00041235	gene-TNRC6A	NA	Fat_Jansen2019_Hib	Fat_Jansen2019_Hyp	5.740381753713815e-4	TRUE	85
geneComp_00023001	gene-CALU	NA	Fat_Jansen2019_Hib	Fat_Jansen2019_Hyp	5.789994000239219e-4	TRUE	86
geneComp_00001817	gene-CCDC50	NA	Fat_Jansen2019_Hib	Fat_Jansen2019_Act	6.248596734663697e-4	TRUE	87
geneComp_00005276	gene-GPC3	NA	Fat_Jansen2019_Hib	Fat_Jansen2019_Act	6.36161631364005e-4	TRUE	88
geneComp_00004701	gene-FLOT1	NA	Fat_Jansen2019_Hib	Fat_Jansen2019_Act	6.438317708522362e-4	TRUE	89
geneComp_00015721	gene-PIR	NA	Fat_Jansen2019_Hib	Fat_Jansen2019_Act	7.072943723764954e-4	TRUE	90
geneComp_00020567	gene-VGLL3	NA	Fat_Jansen2019_Hib	Fat_Jansen2019_Act	7.072943723764954e-4	TRUE	91
geneComp_00013389	gene-LRRFIP1	NA	Fat_Jansen2019_Hib	Fat_Jansen2019_Act	7.117510536988789e-4	TRUE	92
geneComp_00019445	gene-TINAGL1	NA	Fat_Jansen2019_Hib	Fat_Jansen2019_Act	7.140448361176153e-4	TRUE	93
geneComp_00002615	gene-COL12A1	NA	Fat_Jansen2019_Hib	Fat_Jansen2019_Act	7.522517001351446e-4	TRUE	94
geneComp_00000058	gene-ABCE1	NA	Fat_Jansen2019_Hib	Fat_Jansen2019_Act	7.740850099278799e-4	TRUE	95
geneComp_00018330	gene-SMARCA2	NA	Fat_Jansen2019_Hib	Fat_Jansen2019_Act	7.820860404443124e-4	TRUE	96
geneComp_00006997	gene-LOC113240700	NA	Fat_Jansen2019_Hib	Fat_Jansen2019_Act	7.864678829935578e-4	TRUE	97
geneComp_00001923	gene-CCSER2	NA	Fat_Jansen2019_Hib	Fat_Jansen2019_Act	7.904673089972389e-4	TRUE	98
geneComp_00013974	gene-MMD	NA	Fat_Jansen2019_Hib	Fat_Jansen2019_Act	8.507356599613109e-4	TRUE	99
geneComp_00002508	gene-CLSTN1	NA	Fat_Jansen2019_Hib	Fat_Jansen2019_Act	9.012668282171809e-4	TRUE	100
geneComp_00018632	gene-SPIN1	NA	Fat_Jansen2019_Hib	Fat_Jansen2019_Act	9.020750016666392e-4	TRUE	101
geneComp_00017731	gene-SERPINH1	NA	Fat_Jansen2019_Hib	Fat_Jansen2019_Act	9.09149561938918e-4	TRUE	102
geneComp_00014553	gene-NDUFAF8	NA	Fat_Jansen2019_Hib	Fat_Jansen2019_Act	0.0010301232489388365	TRUE	103
geneComp_00020654	gene-VWF	NA	Fat_Jansen2019_Hib	Fat_Jansen2019_Act	0.0010301232489388365	TRUE	104
geneComp_00035258	gene-MFF	NA	Fat_Jansen2019_Hib	Fat_Jansen2019_Hyp	0.0010328365287007115	TRUE	105
geneComp_00045624	gene-CRYAB	NA	Fat_Jansen2019_Hyp	Fat_Jansen2019_Act	0.0010382565008892348	TRUE	106
geneComp_00005807	gene-HPCAL1	NA	Fat_Jansen2019_Hib	Fat_Jansen2019_Act	0.0010627760672503532	TRUE	107
geneComp_00041638	gene-TUT4	NA	Fat_Jansen2019_Hib	Fat_Jansen2019_Hyp	0.0010722778819881327	TRUE	108
geneComp_00005475	gene-GTF2H1	NA	Fat_Jansen2019_Hib	Fat_Jansen2019_Act	0.0010857331988021921	TRUE	109
geneComp_00017994	gene-SLC16A7	NA	Fat_Jansen2019_Hib	Fat_Jansen2019_Act	0.0011986389937547923	TRUE	110
geneComp_00018789	gene-ST7	NA	Fat_Jansen2019_Hib	Fat_Jansen2019_Act	0.0012151395850929613	TRUE	111
geneComp_00091703	gene-IL33	NA	Fat_PDExp_Fed	Fat_PDExp_NotFed	0.0012481124234838708	TRUE	112
geneComp_00022673	gene-BCL2L13	NA	Fat_Jansen2019_Hib	Fat_Jansen2019_Hyp	0.0012666745604165254	TRUE	113
geneComp_00024962	gene-DNAJC13	NA	Fat_Jansen2019_Hib	Fat_Jansen2019_Hyp	0.0012666745604165254	TRUE	114
geneComp_00026472	gene-GGCX	NA	Fat_Jansen2019_Hib	Fat_Jansen2019_Hyp	0.0012666745604165254	TRUE	115
geneComp_00041935	gene-VAPA	NA	Fat_Jansen2019_Hib	Fat_Jansen2019_Hyp	0.0012666745604165254	TRUE	116
geneComp_00014214	gene-MTARC1	NA	Fat_Jansen2019_Hib	Fat_Jansen2019_Act	0.001276296410408164	TRUE	117
geneComp_00013275	gene-LOXL2	NA	Fat_Jansen2019_Hib	Fat_Jansen2019_Act	0.0012909934747302736	TRUE	118
geneComp_00001607	gene-CAMK2G	NA	Fat_Jansen2019_Hib	Fat_Jansen2019_Act	0.001302421046666485	TRUE	119
geneComp_00015687	gene-PIK3C2A	NA	Fat_Jansen2019_Hib	Fat_Jansen2019_Act	0.001366325060419451	TRUE	120
geneComp_00014268	gene-MTUS1	NA	Fat_Jansen2019_Hib	Fat_Jansen2019_Act	0.0014156963261115038	TRUE	121
geneComp_00003776	gene-DYSF	NA	Fat_Jansen2019_Hib	Fat_Jansen2019_Act	0.0014415525246229844	TRUE	122
geneComp_00037462	gene-PPFIBP1	NA	Fat_Jansen2019_Hib	Fat_Jansen2019_Hyp	0.0014594115998189344	TRUE	123
geneComp_00037627	gene-PRKAR1A	NA	Fat_Jansen2019_Hib	Fat_Jansen2019_Hyp	0.0014594115998189344	TRUE	124
geneComp_00040190	gene-ST6GALNAC6	NA	Fat_Jansen2019_Hib	Fat_Jansen2019_Hyp	0.0014594115998189344	TRUE	125
geneComp_00041623	gene-TUBGCP3	NA	Fat_Jansen2019_Hib	Fat_Jansen2019_Hyp	0.0014594115998189344	TRUE	126
geneComp_00026667	gene-GPATCH11	NA	Fat_Jansen2019_Hib	Fat_Jansen2019_Hyp	0.0014647098858285314	TRUE	127
geneComp_00005974	gene-IFI44L	NA	Fat_Jansen2019_Hib	Fat_Jansen2019_Act	0.001499217374899965	TRUE	128
geneComp_00035853	gene-NARS1	NA	Fat_Jansen2019_Hib	Fat_Jansen2019_Hyp	0.0015564035449714274	TRUE	129
geneComp_00017940	gene-SKIL	NA	Fat_Jansen2019_Hib	Fat_Jansen2019_Act	0.0016047997780889874	TRUE	130
geneComp_00008670	gene-LOC113254727	NA	Fat_Jansen2019_Hib	Fat_Jansen2019_Act	0.0016053257190051136	TRUE	131
geneComp_00008135	gene-LOC113249997	NA	Fat_Jansen2019_Hib	Fat_Jansen2019_Act	0.0016559070289621839	TRUE	132
geneComp_00019389	gene-THOC5	NA	Fat_Jansen2019_Hib	Fat_Jansen2019_Act	0.0016810120433333534	TRUE	133
geneComp_00023325	gene-CCSER2	NA	Fat_Jansen2019_Hib	Fat_Jansen2019_Hyp	0.0016957070239814326	TRUE	134
geneComp_00025711	gene-FAH	NA	Fat_Jansen2019_Hib	Fat_Jansen2019_Hyp	0.0018341465734211767	TRUE	135
geneComp_00017838	gene-SH3GLB1	NA	Fat_Jansen2019_Hib	Fat_Jansen2019_Act	0.0019088006536131864	TRUE	136
geneComp_00022534	gene-ATXN3	NA	Fat_Jansen2019_Hib	Fat_Jansen2019_Hyp	0.0019620468024151936	TRUE	137
geneComp_00006504	gene-KCTD3	NA	Fat_Jansen2019_Hib	Fat_Jansen2019_Act	0.0019714525590595073	TRUE	138
geneComp_00018824	gene-STAT5B	NA	Fat_Jansen2019_Hib	Fat_Jansen2019_Act	0.0020612262541797755	TRUE	139
geneComp_00000134	gene-ACER3	NA	Fat_Jansen2019_Hib	Fat_Jansen2019_Act	0.002228773091401528	TRUE	140
geneComp_00014703	gene-NIPA2	NA	Fat_Jansen2019_Hib	Fat_Jansen2019_Act	0.002324790376167815	TRUE	141
geneComp_00014645	gene-NFATC3	NA	Fat_Jansen2019_Hib	Fat_Jansen2019_Act	0.0023446552327398406	TRUE	142
geneComp_00019190	gene-TCAF1	NA	Fat_Jansen2019_Hib	Fat_Jansen2019_Act	0.0025325016011830976	TRUE	143
geneComp_00041096	gene-TMEM41B	NA	Fat_Jansen2019_Hib	Fat_Jansen2019_Hyp	0.00253784802749379	TRUE	144
geneComp_00058340	gene-PEX5	NA	Fat_Jansen2019_Hyp	Fat_Jansen2019_Act	0.0027060299853853675	TRUE	145
geneComp_00002223	gene-CERT1	NA	Fat_Jansen2019_Hib	Fat_Jansen2019_Act	0.002765951680304114	TRUE	146
geneComp_00013923	gene-MIGA2	NA	Fat_Jansen2019_Hib	Fat_Jansen2019_Act	0.002783745985328646	TRUE	147
geneComp_00000353	gene-AFF4	NA	Fat_Jansen2019_Hib	Fat_Jansen2019_Act	0.003224762029911774	TRUE	148
geneComp_00020220	gene-TUBGCP2	NA	Fat_Jansen2019_Hib	Fat_Jansen2019_Act	0.0032524883924212196	TRUE	149
geneComp_00024140	gene-CPNE8	NA	Fat_Jansen2019_Hib	Fat_Jansen2019_Hyp	0.003353191858403076	TRUE	150
geneComp_00039240	gene-SH3GLB1	NA	Fat_Jansen2019_Hib	Fat_Jansen2019_Hyp	0.003377330597177934	TRUE	151
geneComp_00001783	gene-CCDC170	NA	Fat_Jansen2019_Hib	Fat_Jansen2019_Act	0.0035278431440137524	TRUE	152
geneComp_00035642	gene-MTIF2	NA	Fat_Jansen2019_Hib	Fat_Jansen2019_Hyp	0.003625241329674436	TRUE	153
geneComp_00016043	gene-PPA2	NA	Fat_Jansen2019_Hib	Fat_Jansen2019_Act	0.0036320906518156554	TRUE	154
geneComp_00013517	gene-MAGED1	NA	Fat_Jansen2019_Hib	Fat_Jansen2019_Act	0.003701627785897398	TRUE	155
geneComp_00006880	gene-LENG8	NA	Fat_Jansen2019_Hib	Fat_Jansen2019_Act	0.0037849331338699775	TRUE	156
geneComp_00019644	gene-TMEM230	NA	Fat_Jansen2019_Hib	Fat_Jansen2019_Act	0.003794070233835369	TRUE	157
geneComp_00014061	gene-MPP1	NA	Fat_Jansen2019_Hib	Fat_Jansen2019_Act	0.003926141137680637	TRUE	158
geneComp_00012321	gene-LOC125282198	NA	Fat_Jansen2019_Hib	Fat_Jansen2019_Act	0.0040071503272221	TRUE	159
geneComp_00005634	gene-HERC2	NA	Fat_Jansen2019_Hib	Fat_Jansen2019_Act	0.004047627187162734	TRUE	160
geneComp_00020533	gene-VAPA	NA	Fat_Jansen2019_Hib	Fat_Jansen2019_Act	0.004186101571288954	TRUE	161
geneComp_00004807	gene-FRS2	NA	Fat_Jansen2019_Hib	Fat_Jansen2019_Act	0.004317091360797089	TRUE	162
geneComp_00048474	gene-HIBCH	NA	Fat_Jansen2019_Hyp	Fat_Jansen2019_Act	0.004398500224666166	TRUE	163
geneComp_00024302	gene-CTNNB1	NA	Fat_Jansen2019_Hib	Fat_Jansen2019_Hyp	0.004522781509629785	TRUE	164
geneComp_00020947	gene-ZC3H7A	NA	Fat_Jansen2019_Hib	Fat_Jansen2019_Act	0.0045368252245375894	TRUE	165
geneComp_00026526	gene-GK5	NA	Fat_Jansen2019_Hib	Fat_Jansen2019_Hyp	0.0046613632321773225	TRUE	166
geneComp_00026940	gene-HAGH	NA	Fat_Jansen2019_Hib	Fat_Jansen2019_Hyp	0.0046613632321773225	TRUE	167
geneComp_00066117	gene-CCP110	NA	Fat_PDExp_Fed	Fat_PDExp_Hib	0.004932031292813266	TRUE	168
geneComp_00021569	gene-ACSL1	NA	Fat_Jansen2019_Hib	Fat_Jansen2019_Hyp	0.00526637170941065	TRUE	169
geneComp_00027376	gene-IFI44L	NA	Fat_Jansen2019_Hib	Fat_Jansen2019_Hyp	0.005313697046079591	TRUE	170
geneComp_00005725	gene-HMGN3	NA	Fat_Jansen2019_Hib	Fat_Jansen2019_Act	0.005544814702966005	TRUE	171
geneComp_00013499	gene-MACF1	NA	Fat_Jansen2019_Hib	Fat_Jansen2019_Act	0.00558235706101711	TRUE	172
geneComp_00019019	gene-SYS1	NA	Fat_Jansen2019_Hib	Fat_Jansen2019_Act	0.005778355367525139	TRUE	173
geneComp_00004397	gene-FAM20B	NA	Fat_Jansen2019_Hib	Fat_Jansen2019_Act	0.0057901430234545215	TRUE	174
geneComp_00048170	gene-GPS1	NA	Fat_Jansen2019_Hyp	Fat_Jansen2019_Act	0.005915802207992279	TRUE	175
geneComp_00048451	gene-HEXA	NA	Fat_Jansen2019_Hyp	Fat_Jansen2019_Act	0.005915802207992279	TRUE	176
geneComp_00002684	gene-COPS4	NA	Fat_Jansen2019_Hib	Fat_Jansen2019_Act	0.005989756992695819	TRUE	177
geneComp_00002079	gene-CDK14	NA	Fat_Jansen2019_Hib	Fat_Jansen2019_Act	0.005993445028863074	TRUE	178
geneComp_00014177	gene-MRTFB	NA	Fat_Jansen2019_Hib	Fat_Jansen2019_Act	0.006047778747612988	TRUE	179
geneComp_00019816	gene-TNKS1BP1	NA	Fat_Jansen2019_Hib	Fat_Jansen2019_Act	0.006350069260620154	TRUE	180
geneComp_00019375	gene-THBS2	NA	Fat_Jansen2019_Hib	Fat_Jansen2019_Act	0.006635545229929769	TRUE	181
geneComp_00039442	gene-SLC25A10	NA	Fat_Jansen2019_Hib	Fat_Jansen2019_Hyp	0.006739374831929442	TRUE	182
geneComp_00002834	gene-CSAD	NA	Fat_Jansen2019_Hib	Fat_Jansen2019_Act	0.0067604822849898485	TRUE	183
geneComp_00014577	gene-NDUFV3	NA	Fat_Jansen2019_Hib	Fat_Jansen2019_Act	0.006816920376623716	TRUE	184
geneComp_00000854	gene-ARIH2	NA	Fat_Jansen2019_Hib	Fat_Jansen2019_Act	0.007124350388060216	TRUE	185
geneComp_00026939	gene-HADHB	NA	Fat_Jansen2019_Hib	Fat_Jansen2019_Hyp	0.007191416176631177	TRUE	186
geneComp_00020671	gene-WBP1L	NA	Fat_Jansen2019_Hib	Fat_Jansen2019_Act	0.007222699108565406	TRUE	187
geneComp_00004287	gene-F8	NA	Fat_Jansen2019_Hib	Fat_Jansen2019_Act	0.0073541678140003584	TRUE	188
geneComp_00015408	gene-PCYT2	NA	Fat_Jansen2019_Hib	Fat_Jansen2019_Act	0.0073541678140003584	TRUE	189
geneComp_00109218	gene-CEP85	NA	Fat_PDExp_Hib	Fat_PDExp_NotFed	0.007474186750801208	TRUE	190
geneComp_00037598	gene-PRDX5	NA	Fat_Jansen2019_Hib	Fat_Jansen2019_Hyp	0.007602489082629779	TRUE	191
geneComp_00002608	gene-COG6	NA	Fat_Jansen2019_Hib	Fat_Jansen2019_Act	0.0077150170953650295	TRUE	192
geneComp_00014240	gene-MTIF2	NA	Fat_Jansen2019_Hib	Fat_Jansen2019_Act	0.007835635573936666	TRUE	193
geneComp_00006158	gene-INPP5F	NA	Fat_Jansen2019_Hib	Fat_Jansen2019_Act	0.007944222894548318	TRUE	194
geneComp_00021794	gene-AHCTF1	NA	Fat_Jansen2019_Hib	Fat_Jansen2019_Hyp	0.007981172417182944	TRUE	195
geneComp_00027720	gene-ITPRID2	NA	Fat_Jansen2019_Hib	Fat_Jansen2019_Hyp	0.008054550651872053	TRUE	196
geneComp_00001599	gene-CALU	NA	Fat_Jansen2019_Hib	Fat_Jansen2019_Act	0.008495870085001205	TRUE	197
geneComp_00016060	gene-PPFIBP1	NA	Fat_Jansen2019_Hib	Fat_Jansen2019_Act	0.008518637851766979	TRUE	198
geneComp_00021044	gene-ZHX1	NA	Fat_Jansen2019_Hib	Fat_Jansen2019_Act	0.00889994792828296	TRUE	199
geneComp_00013390	gene-LRRFIP2	NA	Fat_Jansen2019_Hib	Fat_Jansen2019_Act	0.00907671514153701	TRUE	200
geneComp_00018734	gene-SRSF1	NA	Fat_Jansen2019_Hib	Fat_Jansen2019_Act	0.009156799318932823	TRUE	201
geneComp_00014656	gene-NFIX	NA	Fat_Jansen2019_Hib	Fat_Jansen2019_Act	0.009218596692954283	TRUE	202
geneComp_00035535	gene-MRPL47	NA	Fat_Jansen2019_Hib	Fat_Jansen2019_Hyp	0.009218662656199712	TRUE	203
geneComp_00047960	gene-GLRX2	NA	Fat_Jansen2019_Hyp	Fat_Jansen2019_Act	0.00936185211041552	TRUE	204
geneComp_00022526	gene-ATRN	NA	Fat_Jansen2019_Hib	Fat_Jansen2019_Hyp	0.009717358767050164	TRUE	205
geneComp_00027167	gene-HOOK3	NA	Fat_Jansen2019_Hib	Fat_Jansen2019_Hyp	0.009717358767050164	TRUE	206
geneComp_00028622	gene-LOC113242920	NA	Fat_Jansen2019_Hib	Fat_Jansen2019_Hyp	0.00973217466355784	TRUE	207
geneComp_00015910	gene-PMM1	NA	Fat_Jansen2019_Hib	Fat_Jansen2019_Act	0.009846944167336879	TRUE	208
geneComp_00090650	gene-GEMIN5	NA	Fat_PDExp_Fed	Fat_PDExp_NotFed	0.01014220236763148	TRUE	209
geneComp_00044049	gene-BBX	NA	Fat_Jansen2019_Hyp	Fat_Jansen2019_Act	0.010254452239746727	TRUE	210
geneComp_00037238	gene-PLEKHG3	NA	Fat_Jansen2019_Hib	Fat_Jansen2019_Hyp	0.010369166011213822	TRUE	211
geneComp_00040645	gene-TDRD7	NA	Fat_Jansen2019_Hib	Fat_Jansen2019_Hyp	0.010369166011213822	TRUE	212
geneComp_00005204	gene-GNE	NA	Fat_Jansen2019_Hib	Fat_Jansen2019_Act	0.010595967655426475	TRUE	213
geneComp_00005070	gene-GGCX	NA	Fat_Jansen2019_Hib	Fat_Jansen2019_Act	0.010907405702002465	TRUE	214
geneComp_00002621	gene-COL18A1	NA	Fat_Jansen2019_Hib	Fat_Jansen2019_Act	0.01091199454310073	TRUE	215
geneComp_00014424	gene-NAE1	NA	Fat_Jansen2019_Hib	Fat_Jansen2019_Act	0.01131259462568485	TRUE	216
geneComp_00025612	gene-ETS2	NA	Fat_Jansen2019_Hib	Fat_Jansen2019_Hyp	0.01179013723067984	TRUE	217
geneComp_00039013	gene-SEC13	NA	Fat_Jansen2019_Hib	Fat_Jansen2019_Hyp	0.011814887608176283	TRUE	218
geneComp_00024334	gene-CUEDC1	NA	Fat_Jansen2019_Hib	Fat_Jansen2019_Hyp	0.01192513303112837	TRUE	219
geneComp_00002837	gene-CSE1L	NA	Fat_Jansen2019_Hib	Fat_Jansen2019_Act	0.011960675633398239	TRUE	220
geneComp_00000451	gene-ALAD	NA	Fat_Jansen2019_Hib	Fat_Jansen2019_Act	0.012108847379070389	TRUE	221
geneComp_00013412	gene-LSM14A	NA	Fat_Jansen2019_Hib	Fat_Jansen2019_Act	0.01218523762530305	TRUE	222
geneComp_00109091	gene-CDK16	NA	Fat_PDExp_Hib	Fat_PDExp_NotFed	0.012363039039091936	TRUE	223
geneComp_00030332	gene-LOC113257009	NA	Fat_Jansen2019_Hib	Fat_Jansen2019_Hyp	0.012584520817150368	TRUE	224
geneComp_00042350	gene-ZC3H7B	NA	Fat_Jansen2019_Hib	Fat_Jansen2019_Hyp	0.012728462464577785	TRUE	225
geneComp_00018693	gene-SQOR	NA	Fat_Jansen2019_Hib	Fat_Jansen2019_Act	0.012744039992195045	TRUE	226
geneComp_00006527	gene-KDM6A	NA	Fat_Jansen2019_Hib	Fat_Jansen2019_Act	0.012866681228804	TRUE	227
geneComp_00014337	gene-MYL6	NA	Fat_Jansen2019_Hib	Fat_Jansen2019_Act	0.012866681228804	TRUE	228
geneComp_00040384	gene-SYBU	NA	Fat_Jansen2019_Hib	Fat_Jansen2019_Hyp	0.012874373942945267	TRUE	229
geneComp_00026252	gene-FXR1	NA	Fat_Jansen2019_Hib	Fat_Jansen2019_Hyp	0.013010954106611775	TRUE	230
geneComp_00006122	gene-IMPA2	NA	Fat_Jansen2019_Hib	Fat_Jansen2019_Act	0.013399329596092819	TRUE	231
geneComp_00002820	gene-CRYAB	NA	Fat_Jansen2019_Hib	Fat_Jansen2019_Act	0.01343212904561669	TRUE	232
geneComp_00014404	gene-NAA38	NA	Fat_Jansen2019_Hib	Fat_Jansen2019_Act	0.01348767611864207	TRUE	233
geneComp_00002859	gene-CSNK2A1	NA	Fat_Jansen2019_Hib	Fat_Jansen2019_Act	0.013517763980202107	TRUE	234
geneComp_00013815	gene-MEST	NA	Fat_Jansen2019_Hib	Fat_Jansen2019_Act	0.013849649476035992	TRUE	235
geneComp_00022405	gene-ATF2	NA	Fat_Jansen2019_Hib	Fat_Jansen2019_Hyp	0.013921078028386562	TRUE	236
geneComp_00037566	gene-PPP6R2	NA	Fat_Jansen2019_Hib	Fat_Jansen2019_Hyp	0.013986050042218773	TRUE	237
geneComp_00000207	gene-ACVRL1	NA	Fat_Jansen2019_Hib	Fat_Jansen2019_Act	0.014314812865121249	TRUE	238
geneComp_00040672	gene-TENM4	NA	Fat_Jansen2019_Hib	Fat_Jansen2019_Hyp	0.014496809922428078	TRUE	239
geneComp_00002331	gene-CHMP4A	NA	Fat_Jansen2019_Hib	Fat_Jansen2019_Act	0.015005557281300678	TRUE	240
geneComp_00000661	gene-ANXA6	NA	Fat_Jansen2019_Hib	Fat_Jansen2019_Act	0.015101394421555952	TRUE	241
geneComp_00020843	gene-YES1	NA	Fat_Jansen2019_Hib	Fat_Jansen2019_Act	0.015101394421555952	TRUE	242
geneComp_00035654	gene-MTMR6	NA	Fat_Jansen2019_Hib	Fat_Jansen2019_Hyp	0.01569197021737881	TRUE	243
geneComp_00018593	gene-SPATA5	NA	Fat_Jansen2019_Hib	Fat_Jansen2019_Act	0.015806740334657916	TRUE	244
geneComp_00005485	gene-GTF3C3	NA	Fat_Jansen2019_Hib	Fat_Jansen2019_Act	0.015809113699734697	TRUE	245
geneComp_00028348	gene-LIPE	NA	Fat_Jansen2019_Hib	Fat_Jansen2019_Hyp	0.016929023272340887	TRUE	246
geneComp_00020248	gene-TXLNG	NA	Fat_Jansen2019_Hib	Fat_Jansen2019_Act	0.017190728357922846	TRUE	247
geneComp_00037089	gene-PIK3C2A	NA	Fat_Jansen2019_Hib	Fat_Jansen2019_Hyp	0.017496798865523244	TRUE	248
geneComp_00027072	gene-HIBCH	NA	Fat_Jansen2019_Hib	Fat_Jansen2019_Hyp	0.017519690520467927	TRUE	249
geneComp_00035087	gene-MBNL2	NA	Fat_Jansen2019_Hib	Fat_Jansen2019_Hyp	0.017519690520467927	TRUE	250
geneComp_00040642	gene-TDRD3	NA	Fat_Jansen2019_Hib	Fat_Jansen2019_Hyp	0.018670816840955413	TRUE	251
geneComp_00042073	gene-WBP1L	NA	Fat_Jansen2019_Hib	Fat_Jansen2019_Hyp	0.018670816840955413	TRUE	252
geneComp_00000449	gene-AKT2	NA	Fat_Jansen2019_Hib	Fat_Jansen2019_Act	0.01887033299485104	TRUE	253
geneComp_00018108	gene-SLC2A12	NA	Fat_Jansen2019_Hib	Fat_Jansen2019_Act	0.01902269534316244	TRUE	254
geneComp_00020875	gene-YWHAZ	NA	Fat_Jansen2019_Hib	Fat_Jansen2019_Act	0.01902269534316244	TRUE	255
geneComp_00060731	gene-SIRT7	NA	Fat_Jansen2019_Hyp	Fat_Jansen2019_Act	0.01935109344487861	TRUE	256
geneComp_00003598	gene-DNM2	NA	Fat_Jansen2019_Hib	Fat_Jansen2019_Act	0.01959301636628739	TRUE	257
geneComp_00039976	gene-SPART	NA	Fat_Jansen2019_Hib	Fat_Jansen2019_Hyp	0.020537942415082593	TRUE	258
geneComp_00009050	gene-LOC113258015	NA	Fat_Jansen2019_Hib	Fat_Jansen2019_Act	0.020755732600983755	TRUE	259
geneComp_00025860	gene-FAM98C	NA	Fat_Jansen2019_Hib	Fat_Jansen2019_Hyp	0.020768583969545985	TRUE	260
geneComp_00103957	gene-SMCHD1	NA	Fat_PDExp_Fed	Fat_PDExp_NotFed	0.02105085247637481	TRUE	261
geneComp_00106689	gene-ZNF12	NA	Fat_PDExp_Fed	Fat_PDExp_NotFed	0.02105085247637481	TRUE	262
geneComp_00039257	gene-SHC1	NA	Fat_Jansen2019_Hib	Fat_Jansen2019_Hyp	0.021304168435506574	TRUE	263
geneComp_00019050	gene-TACC1	NA	Fat_Jansen2019_Hib	Fat_Jansen2019_Act	0.02137175043698892	TRUE	264
geneComp_00020273	gene-U2AF1L4	NA	Fat_Jansen2019_Hib	Fat_Jansen2019_Act	0.021684300016867025	TRUE	265
geneComp_00038767	gene-RTCA	NA	Fat_Jansen2019_Hib	Fat_Jansen2019_Hyp	0.021709531440757608	TRUE	266
geneComp_00042888	gene-ABHD4	NA	Fat_Jansen2019_Hyp	Fat_Jansen2019_Act	0.02206328413591557	TRUE	267
geneComp_00055859	gene-LOC125283455	NA	Fat_Jansen2019_Hyp	Fat_Jansen2019_Act	0.02206328413591557	TRUE	268
geneComp_00056421	gene-MAPK6	NA	Fat_Jansen2019_Hyp	Fat_Jansen2019_Act	0.02206328413591557	TRUE	269
geneComp_00061538	gene-SRSF1	NA	Fat_Jansen2019_Hyp	Fat_Jansen2019_Act	0.02206328413591557	TRUE	270
geneComp_00020910	gene-ZBTB38	NA	Fat_Jansen2019_Hib	Fat_Jansen2019_Act	0.022402702740648636	TRUE	271
geneComp_00000381	gene-AGPAT3	NA	Fat_Jansen2019_Hib	Fat_Jansen2019_Act	0.022615581445561854	TRUE	272
geneComp_00001088	gene-ATP6V0A1	NA	Fat_Jansen2019_Hib	Fat_Jansen2019_Act	0.022615581445561854	TRUE	273
geneComp_00035826	gene-NAE1	NA	Fat_Jansen2019_Hib	Fat_Jansen2019_Hyp	0.022690970655842965	TRUE	274
geneComp_00045998	gene-DAAM1	NA	Fat_Jansen2019_Hyp	Fat_Jansen2019_Act	0.022779671752857937	TRUE	275
geneComp_00002864	gene-CSPP1	NA	Fat_Jansen2019_Hib	Fat_Jansen2019_Act	0.022960276178647744	TRUE	276
geneComp_00017742	gene-SESTD1	NA	Fat_Jansen2019_Hib	Fat_Jansen2019_Act	0.022960276178647744	TRUE	277
geneComp_00029804	gene-LOC113252277	NA	Fat_Jansen2019_Hib	Fat_Jansen2019_Hyp	0.023778887312193183	TRUE	278
geneComp_00005608	gene-HEATR5A	NA	Fat_Jansen2019_Hib	Fat_Jansen2019_Act	0.024096554356504367	TRUE	279
geneComp_00047685	gene-G6PD	NA	Fat_Jansen2019_Hyp	Fat_Jansen2019_Act	0.02422382528281607	TRUE	280
geneComp_00062070	gene-TEN1	NA	Fat_Jansen2019_Hyp	Fat_Jansen2019_Act	0.02422382528281607	TRUE	281
geneComp_00017152	gene-RNF38	NA	Fat_Jansen2019_Hib	Fat_Jansen2019_Act	0.024311132590153054	TRUE	282
geneComp_00015418	gene-PDCD6	NA	Fat_Jansen2019_Hib	Fat_Jansen2019_Act	0.024635338728754345	TRUE	283
geneComp_00001685	gene-CAST	NA	Fat_Jansen2019_Hib	Fat_Jansen2019_Act	0.024635972461235032	TRUE	284
geneComp_00006716	gene-KPNA4	NA	Fat_Jansen2019_Hib	Fat_Jansen2019_Act	0.024760233747868222	TRUE	285
geneComp_00015752	gene-PKIB	NA	Fat_Jansen2019_Hib	Fat_Jansen2019_Act	0.024760233747868222	TRUE	286
geneComp_00026678	gene-GPC3	NA	Fat_Jansen2019_Hib	Fat_Jansen2019_Hyp	0.0251314109696267	TRUE	287
geneComp_00006683	gene-KLHL5	NA	Fat_Jansen2019_Hib	Fat_Jansen2019_Act	0.025332796027351757	TRUE	288
geneComp_00038172	gene-RASSF3	NA	Fat_Jansen2019_Hib	Fat_Jansen2019_Hyp	0.02563271918512269	TRUE	289
geneComp_00017108	gene-RNF145	NA	Fat_Jansen2019_Hib	Fat_Jansen2019_Act	0.025888210211266808	TRUE	290
geneComp_00019270	gene-TENM4	NA	Fat_Jansen2019_Hib	Fat_Jansen2019_Act	0.02607905555823724	TRUE	291
geneComp_00037656	gene-PRMT5	NA	Fat_Jansen2019_Hib	Fat_Jansen2019_Hyp	0.026290768622095707	TRUE	292
geneComp_00043253	gene-AKT2	NA	Fat_Jansen2019_Hyp	Fat_Jansen2019_Act	0.026635319367064075	TRUE	293
geneComp_00024271	gene-CSRP2	NA	Fat_Jansen2019_Hib	Fat_Jansen2019_Hyp	0.027196075783854374	TRUE	294
geneComp_00034677	gene-LOXL2	NA	Fat_Jansen2019_Hib	Fat_Jansen2019_Hyp	0.027196075783854374	TRUE	295
geneComp_00002081	gene-CDK16	NA	Fat_Jansen2019_Hib	Fat_Jansen2019_Act	0.02721767006404249	TRUE	296
geneComp_00036105	gene-NIPA2	NA	Fat_Jansen2019_Hib	Fat_Jansen2019_Hyp	0.027702887846708813	TRUE	297
geneComp_00014712	gene-NIT1	NA	Fat_Jansen2019_Hib	Fat_Jansen2019_Act	0.027818751444890526	TRUE	298
geneComp_00015268	gene-PAMR1	NA	Fat_Jansen2019_Hib	Fat_Jansen2019_Act	0.027818751444890526	TRUE	299
geneComp_00006295	gene-ITGB5	NA	Fat_Jansen2019_Hib	Fat_Jansen2019_Act	0.02793092612151185	TRUE	300
geneComp_00015136	gene-OSBPL1A	NA	Fat_Jansen2019_Hib	Fat_Jansen2019_Act	0.02793092612151185	TRUE	301
geneComp_00018574	gene-SPART	NA	Fat_Jansen2019_Hib	Fat_Jansen2019_Act	0.02793092612151185	TRUE	302
geneComp_00037154	gene-PKIB	NA	Fat_Jansen2019_Hib	Fat_Jansen2019_Hyp	0.0282834660099366	TRUE	303
geneComp_00030511	gene-LOC113258524	NA	Fat_Jansen2019_Hib	Fat_Jansen2019_Hyp	0.028450799192621515	TRUE	304
geneComp_00128091	gene-ZNF12	NA	Fat_PDExp_Hib	Fat_PDExp_NotFed	0.028672603273635744	TRUE	305
geneComp_00015317	gene-PARVA	NA	Fat_Jansen2019_Hib	Fat_Jansen2019_Act	0.028738647649482838	TRUE	306
geneComp_00016141	gene-PPP2R2D	NA	Fat_Jansen2019_Hib	Fat_Jansen2019_Act	0.028738647649482838	TRUE	307
geneComp_00018254	gene-SLC6A6	NA	Fat_Jansen2019_Hib	Fat_Jansen2019_Act	0.0288586083462673	TRUE	308
geneComp_00006533	gene-KEAP1	NA	Fat_Jansen2019_Hib	Fat_Jansen2019_Act	0.029075795450735666	TRUE	309
geneComp_00035687	gene-MUS81	NA	Fat_Jansen2019_Hib	Fat_Jansen2019_Hyp	0.02953349378461048	TRUE	310
geneComp_00005064	gene-GFUS	NA	Fat_Jansen2019_Hib	Fat_Jansen2019_Act	0.029579459597149832	TRUE	311
geneComp_00001307	gene-BET1L	NA	Fat_Jansen2019_Hib	Fat_Jansen2019_Act	0.029654560489617517	TRUE	312
geneComp_00015884	gene-PLRG1	NA	Fat_Jansen2019_Hib	Fat_Jansen2019_Act	0.02997537386822663	TRUE	313
geneComp_00020448	gene-USF1	NA	Fat_Jansen2019_Hib	Fat_Jansen2019_Act	0.030038984520924447	TRUE	314
geneComp_00035229	gene-METTL17	NA	Fat_Jansen2019_Hib	Fat_Jansen2019_Hyp	0.030143479068991345	TRUE	315
geneComp_00015536	gene-PEX5	NA	Fat_Jansen2019_Hib	Fat_Jansen2019_Act	0.031085877348853694	TRUE	316
geneComp_00020550	gene-VCL	NA	Fat_Jansen2019_Hib	Fat_Jansen2019_Act	0.031085877348853694	TRUE	317
geneComp_00018788	gene-ST6GALNAC6	NA	Fat_Jansen2019_Hib	Fat_Jansen2019_Act	0.031094233695602835	TRUE	318
geneComp_00021261	gene-ZNF609	NA	Fat_Jansen2019_Hib	Fat_Jansen2019_Act	0.03138195559916371	TRUE	319
geneComp_00000295	gene-ADGRF5	NA	Fat_Jansen2019_Hib	Fat_Jansen2019_Act	0.03152653496930659	TRUE	320
geneComp_00017841	gene-SH3PXD2A	NA	Fat_Jansen2019_Hib	Fat_Jansen2019_Act	0.03152653496930659	TRUE	321
geneComp_00000901	gene-ARNTL2	NA	Fat_Jansen2019_Hib	Fat_Jansen2019_Act	0.03190712069066568	TRUE	322
geneComp_00041769	gene-UBXN7	NA	Fat_Jansen2019_Hib	Fat_Jansen2019_Hyp	0.03194581952291824	TRUE	323
geneComp_00000763	gene-AREL1	NA	Fat_Jansen2019_Hib	Fat_Jansen2019_Act	0.03211020211607576	TRUE	324
geneComp_00005124	gene-GK5	NA	Fat_Jansen2019_Hib	Fat_Jansen2019_Act	0.03211020211607576	TRUE	325
geneComp_00023219	gene-CCDC50	NA	Fat_Jansen2019_Hib	Fat_Jansen2019_Hyp	0.03234728461916832	TRUE	326
geneComp_00001003	gene-ATF2	NA	Fat_Jansen2019_Hib	Fat_Jansen2019_Act	0.03256763122173807	TRUE	327
geneComp_00020860	gene-YPEL2	NA	Fat_Jansen2019_Hib	Fat_Jansen2019_Act	0.03336864747958651	TRUE	328
geneComp_00010123	gene-LOC113267216	NA	Fat_Jansen2019_Hib	Fat_Jansen2019_Act	0.03422640967398561	TRUE	329
geneComp_00016795	gene-RBKS	NA	Fat_Jansen2019_Hib	Fat_Jansen2019_Act	0.034356502296497046	TRUE	330
geneComp_00027588	gene-INTS8	NA	Fat_Jansen2019_Hib	Fat_Jansen2019_Hyp	0.03460210908163147	TRUE	331
geneComp_00013897	gene-MIA2	NA	Fat_Jansen2019_Hib	Fat_Jansen2019_Act	0.03534871197668114	TRUE	332
geneComp_00018727	gene-SRPX2	NA	Fat_Jansen2019_Hib	Fat_Jansen2019_Act	0.03552667662388276	TRUE	333
geneComp_00002626	gene-COL21A1	NA	Fat_Jansen2019_Hib	Fat_Jansen2019_Act	0.03554925235630293	TRUE	334
geneComp_00039270	gene-SHISA5	NA	Fat_Jansen2019_Hib	Fat_Jansen2019_Hyp	0.03564943452974744	TRUE	335
geneComp_00041622	gene-TUBGCP2	NA	Fat_Jansen2019_Hib	Fat_Jansen2019_Hyp	0.03564943452974744	TRUE	336
geneComp_00004159	gene-ERI3	NA	Fat_Jansen2019_Hib	Fat_Jansen2019_Act	0.03572185160926863	TRUE	337
geneComp_00012641	gene-LOC125282808	NA	Fat_Jansen2019_Hib	Fat_Jansen2019_Act	0.03598743575856491	TRUE	338
geneComp_00015056	gene-OAT	NA	Fat_Jansen2019_Hib	Fat_Jansen2019_Act	0.036008455941630775	TRUE	339
geneComp_00021783	gene-AGPAT3	NA	Fat_Jansen2019_Hib	Fat_Jansen2019_Hyp	0.03682808815245732	TRUE	340
geneComp_00004922	gene-GALNT11	NA	Fat_Jansen2019_Hib	Fat_Jansen2019_Act	0.03691343103888469	TRUE	341
geneComp_00004731	gene-FNDC1	NA	Fat_Jansen2019_Hib	Fat_Jansen2019_Act	0.03738584034687297	TRUE	342
geneComp_00025178	gene-DYSF	NA	Fat_Jansen2019_Hib	Fat_Jansen2019_Hyp	0.037617509090409514	TRUE	343
geneComp_00020986	gene-ZDHHC5	NA	Fat_Jansen2019_Hib	Fat_Jansen2019_Act	0.03767713192328217	TRUE	344
geneComp_00089204	gene-DNM1	NA	Fat_PDExp_Fed	Fat_PDExp_NotFed	0.03789113017710319	TRUE	345
geneComp_00004856	gene-FXYD6	NA	Fat_Jansen2019_Hib	Fat_Jansen2019_Act	0.037898176342409454	TRUE	346
geneComp_00027143	gene-HNRNPA2B1	NA	Fat_Jansen2019_Hib	Fat_Jansen2019_Hyp	0.03830695201126292	TRUE	347
geneComp_00022709	gene-BET1L	NA	Fat_Jansen2019_Hib	Fat_Jansen2019_Hyp	0.03847434563924092	TRUE	348
geneComp_00023984	gene-CNST	NA	Fat_Jansen2019_Hib	Fat_Jansen2019_Hyp	0.03847434563924092	TRUE	349
geneComp_00083688	gene-TLR6	NA	Fat_PDExp_Fed	Fat_PDExp_Hib	0.038956029477664585	TRUE	350
geneComp_00018007	gene-SLC18B1	NA	Fat_Jansen2019_Hib	Fat_Jansen2019_Act	0.0397514437072143	TRUE	351
geneComp_00061134	gene-SMARCA2	NA	Fat_Jansen2019_Hyp	Fat_Jansen2019_Act	0.04037637952948804	TRUE	352
geneComp_00013726	gene-MCRS1	NA	Fat_Jansen2019_Hib	Fat_Jansen2019_Act	0.041243022760633644	TRUE	353
geneComp_00061725	gene-STXBP6	NA	Fat_Jansen2019_Hyp	Fat_Jansen2019_Act	0.041451735533461535	TRUE	354
geneComp_00018861	gene-STK39	NA	Fat_Jansen2019_Hib	Fat_Jansen2019_Act	0.041849503789007564	TRUE	355
geneComp_00102440	gene-RBMS1	NA	Fat_PDExp_Fed	Fat_PDExp_NotFed	0.04274720950722926	TRUE	356
geneComp_00018912	gene-STX6	NA	Fat_Jansen2019_Hib	Fat_Jansen2019_Act	0.04278893716546918	TRUE	357
geneComp_00024087	gene-COPS6	NA	Fat_Jansen2019_Hib	Fat_Jansen2019_Hyp	0.04335155770475421	TRUE	358
geneComp_00036041	gene-NF2	NA	Fat_Jansen2019_Hib	Fat_Jansen2019_Hyp	0.04335155770475421	TRUE	359
geneComp_00036196	gene-NONO	NA	Fat_Jansen2019_Hib	Fat_Jansen2019_Hyp	0.04335155770475421	TRUE	360
geneComp_00043645	gene-ARHGEF7	NA	Fat_Jansen2019_Hyp	Fat_Jansen2019_Act	0.04344964801802056	TRUE	361
geneComp_00088489	gene-CTBP1	NA	Fat_PDExp_Fed	Fat_PDExp_NotFed	0.04369877765038886	TRUE	362
geneComp_00002932	gene-CUEDC1	NA	Fat_Jansen2019_Hib	Fat_Jansen2019_Act	0.04397156120222342	TRUE	363
geneComp_00015518	gene-PER2	NA	Fat_Jansen2019_Hib	Fat_Jansen2019_Act	0.04478028225910964	TRUE	364
geneComp_00006770	gene-KXD1	NA	Fat_Jansen2019_Hib	Fat_Jansen2019_Act	0.04574635160840464	TRUE	365
geneComp_00017720	gene-SERPINB6	NA	Fat_Jansen2019_Hib	Fat_Jansen2019_Act	0.045803900445283395	TRUE	366
geneComp_00006124	gene-IMPDH1	NA	Fat_Jansen2019_Hib	Fat_Jansen2019_Act	0.045847763432063246	TRUE	367
geneComp_00025960	gene-FBXO9	NA	Fat_Jansen2019_Hib	Fat_Jansen2019_Hyp	0.04637507678298408	TRUE	368
geneComp_00040598	gene-TCEAL1	NA	Fat_Jansen2019_Hib	Fat_Jansen2019_Hyp	0.047483335212630456	TRUE	369
geneComp_00015002	gene-NUMA1	NA	Fat_Jansen2019_Hib	Fat_Jansen2019_Act	0.0477628156754094	TRUE	370
geneComp_00100923	gene-PARP9	NA	Fat_PDExp_Fed	Fat_PDExp_NotFed	0.04782098848036568	TRUE	371
geneComp_00021658	gene-ADAR	NA	Fat_Jansen2019_Hib	Fat_Jansen2019_Hyp	0.048810245956750736	TRUE	372
geneComp_00022321	gene-ARSA	NA	Fat_Jansen2019_Hib	Fat_Jansen2019_Hyp	0.048810245956750736	TRUE	373
geneComp_00002845	gene-CSGALNACT2	NA	Fat_Jansen2019_Hib	Fat_Jansen2019_Act	0.0496018821343563	TRUE	374
geneComp_00023681	gene-CGGBP1	NA	Fat_Jansen2019_Hib	Fat_Jansen2019_Hyp	0.04972725823646438	TRUE	375
